# ************************************************************
# Sequel Pro SQL dump
# Version 4096
#
# http://www.sequelpro.com/
# http://code.google.com/p/sequel-pro/
#
# Host: 127.0.0.1 (MySQL 5.5.18)
# Database: connect
# Generation Time: 2015-07-01 15:35:40 +0000
# ************************************************************


/*!40101 SET @OLD_CHARACTER_SET_CLIENT=@@CHARACTER_SET_CLIENT */;
/*!40101 SET @OLD_CHARACTER_SET_RESULTS=@@CHARACTER_SET_RESULTS */;
/*!40101 SET @OLD_COLLATION_CONNECTION=@@COLLATION_CONNECTION */;
/*!40101 SET NAMES utf8 */;
/*!40014 SET @OLD_FOREIGN_KEY_CHECKS=@@FOREIGN_KEY_CHECKS, FOREIGN_KEY_CHECKS=0 */;
/*!40101 SET @OLD_SQL_MODE=@@SQL_MODE, SQL_MODE='NO_AUTO_VALUE_ON_ZERO' */;
/*!40111 SET @OLD_SQL_NOTES=@@SQL_NOTES, SQL_NOTES=0 */;


# Dump of table connect_events
# ------------------------------------------------------------

DROP TABLE IF EXISTS `connect_events`;

CREATE TABLE `connect_events` (
  `id` int(11) NOT NULL AUTO_INCREMENT,
  `icon_id` int(11) DEFAULT NULL,
  `event_id` int(11) NOT NULL,
  `image_id` int(11) DEFAULT NULL,
  `featured` bit(1) NOT NULL,
  PRIMARY KEY (`id`),
  KEY `FK_r1cw4nx1vyvgf9mwuykrusb5n` (`icon_id`),
  KEY `FK_646p4qc9ws25oahcpn6u8s2bl` (`event_id`),
  KEY `FK_9rh6wtwc812vlrh6m5ekuejwh` (`image_id`),
  CONSTRAINT `FK_9rh6wtwc812vlrh6m5ekuejwh` FOREIGN KEY (`image_id`) REFERENCES `images` (`id`),
  CONSTRAINT `FK_646p4qc9ws25oahcpn6u8s2bl` FOREIGN KEY (`event_id`) REFERENCES `events` (`id`),
  CONSTRAINT `FK_r1cw4nx1vyvgf9mwuykrusb5n` FOREIGN KEY (`icon_id`) REFERENCES `images` (`id`)
) ENGINE=InnoDB DEFAULT CHARSET=utf8;



# Dump of table connections
# ------------------------------------------------------------

DROP TABLE IF EXISTS `connections`;

CREATE TABLE `connections` (
  `id` int(11) NOT NULL AUTO_INCREMENT,
  `user_from` int(11) NOT NULL,
  `user_to` int(11) NOT NULL,
  `timestamp_requested` datetime DEFAULT NULL,
  `timestamp_actioned` datetime DEFAULT NULL,
  `accepted` bit(1) NOT NULL,
  `denied` bit(1) NOT NULL,
  PRIMARY KEY (`id`),
  KEY `FK_c4sgi7bjwq8qf0pq1wv373fho` (`user_from`),
  KEY `FK_dh1t5trqnbopfcsyi3yi6v96f` (`user_to`),
  CONSTRAINT `FK_dh1t5trqnbopfcsyi3yi6v96f` FOREIGN KEY (`user_to`) REFERENCES `users` (`id`),
  CONSTRAINT `FK_c4sgi7bjwq8qf0pq1wv373fho` FOREIGN KEY (`user_from`) REFERENCES `users` (`id`)
) ENGINE=InnoDB DEFAULT CHARSET=utf8;



# Dump of table countries
# ------------------------------------------------------------

DROP TABLE IF EXISTS `countries`;

CREATE TABLE `countries` (
  `id` int(11) NOT NULL,
  `abbreviation` varchar(2) NOT NULL,
  `name_i18n` int(11) NOT NULL,
  PRIMARY KEY (`id`),
  UNIQUE KEY `UK_jj83o8y2teqbcdl1gaq2dnnsm` (`abbreviation`),
  KEY `FK_70x9oat43yb09p1rpm1tig9a6` (`name_i18n`),
  CONSTRAINT `FK_70x9oat43yb09p1rpm1tig9a6` FOREIGN KEY (`name_i18n`) REFERENCES `i18n` (`id`)
) ENGINE=InnoDB DEFAULT CHARSET=utf8;

LOCK TABLES `countries` WRITE;
/*!40000 ALTER TABLE `countries` DISABLE KEYS */;

INSERT INTO `countries` (`id`, `abbreviation`, `name_i18n`)
VALUES
	(1,'AF',101),
	(2,'AL',102),
	(3,'DZ',103),
	(4,'AS',104),
	(5,'AD',105),
	(6,'AO',106),
	(7,'AI',107),
	(8,'AQ',108),
	(9,'AG',109),
	(10,'AR',110),
	(11,'AM',111),
	(12,'AW',112),
	(13,'AU',113),
	(14,'AT',114),
	(15,'AZ',115),
	(16,'BS',116),
	(17,'BH',117),
	(18,'BD',118),
	(19,'BB',119),
	(20,'BY',120),
	(21,'BE',121),
	(22,'BZ',122),
	(23,'BJ',123),
	(24,'BM',124),
	(25,'BT',125),
	(26,'BO',126),
	(27,'BA',127),
	(28,'BW',128),
	(29,'BV',129),
	(30,'BR',130),
	(31,'IO',131),
	(32,'BN',132),
	(33,'BG',133),
	(34,'BF',134),
	(35,'BI',135),
	(36,'KH',136),
	(37,'CM',137),
	(38,'CA',138),
	(39,'CV',139),
	(40,'KY',140),
	(41,'CF',141),
	(42,'TD',142),
	(43,'CL',143),
	(44,'CN',144),
	(45,'CX',145),
	(46,'CC',146),
	(47,'CO',147),
	(48,'KM',148),
	(49,'CG',149),
	(50,'CD',150),
	(51,'CK',151),
	(52,'CR',152),
	(53,'CI',153),
	(54,'HR',154),
	(55,'CU',155),
	(56,'CY',156),
	(57,'CZ',157),
	(58,'DK',158),
	(59,'DJ',159),
	(60,'DM',160),
	(61,'DO',161),
	(62,'EC',162),
	(63,'EG',163),
	(64,'SV',164),
	(65,'GQ',165),
	(66,'ER',166),
	(67,'EE',167),
	(68,'ET',168),
	(69,'FK',169),
	(70,'FO',170),
	(71,'FJ',171),
	(72,'FI',172),
	(73,'FR',173),
	(74,'GF',174),
	(75,'PF',175),
	(76,'TF',176),
	(77,'GA',177),
	(78,'GM',178),
	(79,'GE',179),
	(80,'DE',180),
	(81,'GH',181),
	(82,'GI',182),
	(83,'GR',183),
	(84,'GL',184),
	(85,'GD',185),
	(86,'GP',186),
	(87,'GU',187),
	(88,'GT',188),
	(89,'GN',189),
	(90,'GW',190),
	(91,'GY',191),
	(92,'HT',192),
	(93,'HM',193),
	(94,'VA',194),
	(95,'HN',195),
	(96,'HK',196),
	(97,'HU',197),
	(98,'IS',198),
	(99,'IN',199),
	(100,'ID',200),
	(101,'IR',201),
	(102,'IQ',202),
	(103,'IE',203),
	(104,'IL',204),
	(105,'IT',205),
	(106,'JM',206),
	(107,'JP',207),
	(108,'JO',208),
	(109,'KZ',209),
	(110,'KE',210),
	(111,'KI',211),
	(112,'KP',212),
	(113,'KR',213),
	(114,'KW',214),
	(115,'KG',215),
	(116,'LA',216),
	(117,'LV',217),
	(118,'LB',218),
	(119,'LS',219),
	(120,'LR',220),
	(121,'LY',221),
	(122,'LI',222),
	(123,'LT',223),
	(124,'LU',224),
	(125,'MO',225),
	(126,'MK',226),
	(127,'MG',227),
	(128,'MW',228),
	(129,'MY',229),
	(130,'MV',230),
	(131,'ML',231),
	(132,'MT',232),
	(133,'MH',233),
	(134,'MQ',234),
	(135,'MR',235),
	(136,'MU',236),
	(137,'YT',237),
	(138,'MX',238),
	(139,'FM',239),
	(140,'MD',240),
	(141,'MC',241),
	(142,'MN',242),
	(143,'MS',243),
	(144,'MA',244),
	(145,'MZ',245),
	(146,'MM',246),
	(147,'NA',247),
	(148,'NR',248),
	(149,'NP',249),
	(150,'NL',250),
	(151,'AN',251),
	(152,'NC',252),
	(153,'NZ',253),
	(154,'NI',254),
	(155,'NE',255),
	(156,'NG',256),
	(157,'NU',257),
	(158,'NF',258),
	(159,'MP',259),
	(160,'NO',260),
	(161,'OM',261),
	(162,'PK',262),
	(163,'PW',263),
	(164,'PS',264),
	(165,'PA',265),
	(166,'PG',266),
	(167,'PY',267),
	(168,'PE',268),
	(169,'PH',269),
	(170,'PN',270),
	(171,'PL',271),
	(172,'PT',272),
	(173,'PR',273),
	(174,'QA',274),
	(175,'RE',275),
	(176,'RO',276),
	(177,'RU',277),
	(178,'RW',278),
	(179,'SH',279),
	(180,'KN',280),
	(181,'LC',281),
	(182,'PM',282),
	(183,'VC',283),
	(184,'WS',284),
	(185,'SM',285),
	(186,'ST',286),
	(187,'SA',287),
	(188,'SN',288),
	(189,'SC',289),
	(190,'SL',290),
	(191,'SG',291),
	(192,'SK',292),
	(193,'SI',293),
	(194,'SB',294),
	(195,'SO',295),
	(196,'ZA',296),
	(197,'GS',297),
	(198,'ES',298),
	(199,'LK',299),
	(200,'SD',300),
	(201,'SR',301),
	(202,'SJ',302),
	(203,'SZ',303),
	(204,'SE',304),
	(205,'CH',305),
	(206,'SY',306),
	(207,'TW',307),
	(208,'TJ',308),
	(209,'TZ',309),
	(210,'TH',310),
	(211,'TL',311),
	(212,'TG',312),
	(213,'TK',313),
	(214,'TO',314),
	(215,'TT',315),
	(216,'TN',316),
	(217,'TR',317),
	(218,'TM',318),
	(219,'TC',319),
	(220,'TV',320),
	(221,'UG',321),
	(222,'UA',322),
	(223,'AE',323),
	(224,'US',324),
	(225,'UM',325),
	(226,'UY',326),
	(227,'UZ',327),
	(228,'VU',328),
	(229,'VE',329),
	(230,'VN',330),
	(231,'VG',331),
	(232,'VI',332),
	(233,'WF',333),
	(234,'EH',334),
	(235,'YE',335),
	(237,'ZM',336),
	(238,'ZW',337),
	(239,'GB',338),
	(241,'RS',339),
	(242,'ME',340),
	(243,'XK',341);

/*!40000 ALTER TABLE `countries` ENABLE KEYS */;
UNLOCK TABLES;


# Dump of table event_subscription_statuses
# ------------------------------------------------------------

DROP TABLE IF EXISTS `event_subscription_statuses`;

CREATE TABLE `event_subscription_statuses` (
  `id` int(11) NOT NULL AUTO_INCREMENT,
  `name_i18n` int(11) NOT NULL,
  PRIMARY KEY (`id`),
  KEY `FK_m0etkyasexr445kuble2o6r2p` (`name_i18n`),
  CONSTRAINT `FK_m0etkyasexr445kuble2o6r2p` FOREIGN KEY (`name_i18n`) REFERENCES `i18n` (`id`)
) ENGINE=InnoDB DEFAULT CHARSET=utf8;



# Dump of table event_subscriptions
# ------------------------------------------------------------

DROP TABLE IF EXISTS `event_subscriptions`;

CREATE TABLE `event_subscriptions` (
  `id` int(11) NOT NULL AUTO_INCREMENT,
  `rsvp_status_id` int(11) DEFAULT NULL,
  `user_id` int(11) NOT NULL,
  `event_id` int(11) NOT NULL,
  PRIMARY KEY (`id`),
  KEY `FK_h1wfoj9ns78wiabx1168c93vn` (`rsvp_status_id`),
  KEY `FK_8fhicmh49w3bgggr5h44gp32u` (`user_id`),
  KEY `FK_skrwlya0a682dx9mne712qupf` (`event_id`),
  CONSTRAINT `FK_skrwlya0a682dx9mne712qupf` FOREIGN KEY (`event_id`) REFERENCES `connect_events` (`id`),
  CONSTRAINT `FK_8fhicmh49w3bgggr5h44gp32u` FOREIGN KEY (`user_id`) REFERENCES `users` (`id`),
  CONSTRAINT `FK_h1wfoj9ns78wiabx1168c93vn` FOREIGN KEY (`rsvp_status_id`) REFERENCES `event_subscription_statuses` (`id`)
) ENGINE=InnoDB DEFAULT CHARSET=utf8;



# Dump of table event_types
# ------------------------------------------------------------

DROP TABLE IF EXISTS `event_types`;

CREATE TABLE `event_types` (
  `id` int(11) NOT NULL,
  `code` varchar(255) NOT NULL,
  PRIMARY KEY (`id`)
) ENGINE=InnoDB DEFAULT CHARSET=utf8;

LOCK TABLES `event_types` WRITE;
/*!40000 ALTER TABLE `event_types` DISABLE KEYS */;

INSERT INTO `event_types` (`id`, `code`)
VALUES
	(1,'competition'),
	(2,'general_assembly'),
	(3,'champions_forum'),
	(4,'conference'),
	(5,'meeting'),
	(6,'member_event');

/*!40000 ALTER TABLE `event_types` ENABLE KEYS */;
UNLOCK TABLES;


# Dump of table events
# ------------------------------------------------------------

DROP TABLE IF EXISTS `events`;

CREATE TABLE `events` (
  `id` int(11) NOT NULL,
  `type` int(11) NOT NULL,
  `ws_entity_id` int(11) DEFAULT NULL,
  `organizer` int(11) DEFAULT NULL,
  `name` varchar(255) NOT NULL,
  `start_date` date NOT NULL,
  `end_date` date NOT NULL,
  `venue` varchar(255) DEFAULT NULL,
  `town` varchar(255) DEFAULT NULL,
  `country_id` int(11) DEFAULT NULL,
  `code` varchar(45) NOT NULL,
  `url` varchar(255) DEFAULT NULL,
  `description` longtext,
  PRIMARY KEY (`id`),
  KEY `FK_bbxgcgobp3n3765jyx98an8wy` (`type`),
  KEY `FK_a23xtnsctvg2rrx1j4vdkjgc8` (`ws_entity_id`),
  KEY `FK_gc16c6pdyro5ummmqg1yi1ixs` (`country_id`),
  CONSTRAINT `FK_a23xtnsctvg2rrx1j4vdkjgc8` FOREIGN KEY (`ws_entity_id`) REFERENCES `ws_entities` (`id`),
  CONSTRAINT `FK_bbxgcgobp3n3765jyx98an8wy` FOREIGN KEY (`type`) REFERENCES `event_types` (`id`),
  CONSTRAINT `FK_gc16c6pdyro5ummmqg1yi1ixs` FOREIGN KEY (`country_id`) REFERENCES `countries` (`id`)
) ENGINE=InnoDB DEFAULT CHARSET=utf8;

LOCK TABLES `events` WRITE;
/*!40000 ALTER TABLE `events` DISABLE KEYS */;

INSERT INTO `events` (`id`, `type`, `ws_entity_id`, `organizer`, `name`, `start_date`, `end_date`, `venue`, `town`, `country_id`, `code`, `url`, `description`)
VALUES
	(10,1,1,81,'WorldSkills São Paulo 2015','2015-08-11','2015-08-16','Anhembi','São Paulo',30,'WSC2015','http://www.worldskillssaopaulo2015.com/','43rd WorldSkills Competition'),
	(212,6,1,0,'4th GCC Skills','2016-03-01','2016-03-01','','Riyadh, Kingdom of',187,'','http://www.emiratesskills.ae/En/Pages/GCCSkills.aspx','Exact dates to be confirmed'),
	(213,6,1,0,'6th GCC Skills','2020-03-01','2020-03-01','','',114,'','http://www.emiratesskills.ae/En/Pages/GCCSkills.aspx','Exact dates to be confirmed'),
	(249,6,1,0,'National Skills Competition  WorldSkills France','2015-01-28','2015-01-31','','Strasbourg / Alsace',73,'','http://www.worldskills-france.org/sous-rubrique.php?lang=fr&rubr_id=3&ssrubr_id=10',''),
	(298,6,1,24,'Finnish national skills competition, Taitaja2015','2015-05-05','2015-05-07','','Turku',72,'','http://skillsfinland.fi',''),
	(316,1,1,82,'WorldSkills Abu Dhabi 2017','2017-10-17','2017-10-22','National Exhibition Company (ADNEC)','Abu Dhabi',223,'WSC2017','http://www.worldskillsabudhabi2017.com','44th WorldSkills Competition'),
	(319,6,1,0,'WorldSkills Oceania ','2015-04-14','2015-04-19','','Institute of Technology (Wintec), Hamilton, NZ',153,'','http://www.worldskills.org.nz',''),
	(322,6,1,27,'WorldSkills South Africa, National Competition','2015-01-27','2015-01-31','','Cape Town',196,'','',''),
	(324,6,1,39,'National Competition Denmark','2015-01-07','2015-01-09','Bella Center','Copenhagen',58,'','http://www.skillsdenmark.dk/',''),
	(326,2,1,1,'WorldSkills General Assembly 2016','2016-09-30','2016-10-06','','Niagara Falls, USA-Canada border',38,'','','For the first time in WorldSkills\' history: Skills USA and Skills/ Competence Canada will co-host the General Assembly.'),
	(328,6,1,33,'National Skills Competition Sweden','2016-05-11','2016-05-13','','Malmö',204,'','',''),
	(329,6,1,2,'EuroSkills 2016','2016-11-30','2016-12-04','','Gothenburg',204,'','',''),
	(331,6,1,0,'Pre Ceremony and Official Reward Ceremony','2015-01-26','2015-01-26','Technocampus','Charleroi',21,'','','Skillsbelgium is the winner of the “European Citizen’s prize 2014”\n-For its national implication in skills promotion. \n-For the organization of Euroskills Spa-francorchamps 2012 and its positive impact on the national skills promotion  \nThe official ceremony is organized by the European Parliament  on 25-26 February 2015. Skillsbelgium will organize an official Belgian Ceremony for our partners in the new training center “Technocampus” in Charleroi on 26 January 2015'),
	(332,6,1,0,'Pre Ceremony and Official Reward Ceremony','2015-02-25','2015-02-26','','Brussels',21,'','','Skillsbelgium is the winner of the “European Citizen’s prize 2014”\n-For its national implication in skills promotion. \n-For the organization of Euroskills Spa-francorchamps 2012 and its positive impact on the national skills promotion  \nThe official ceremony is organized by the European Parliament  on 25-26 February 2015. Skillsbelgium will organize an official Belgian Ceremony for our partners in the new training center “Technocampus” in Charleroi on 26 January 2015'),
	(333,6,1,0,'Startech’s Days - Belgian National Championship','2015-03-16','2015-03-17','','Bruxelles, Charleroi and Liège',21,'','',''),
	(334,6,1,0,'PROTON Automobile Skills Competition','2015-04-02','2015-04-05','Plaza Angsana','Johore Bharu',129,'','www.skillsmalaysia.gov.my',''),
	(335,6,1,0,'Worldskills Malaysia National Competition','2015-10-17','2015-10-21','Centre For Instructor And Advanced Skills Training (CIAST)','Shah Alam',129,'','www.skillsmalaysia.gov.my',''),
	(336,6,1,0,'ASEAN Organizing Comittee Meeting','2015-04-26','2015-04-30','','Melaka',129,'','www.asc.asean.org','Preparation Meeting for the 11th ASEAN Skills Competition in Kuala Lumpur, Malaysia, in September 2016. Exact dates to be confirmed.'),
	(338,6,1,0,'11th ASEAN Skills Competition','2016-09-19','2016-09-29','','Kuala Lumpur',129,'','www.wsasean.org.',''),
	(339,6,1,0,'2nd National Skills Competition Bahrain','2015-01-20','2015-01-22','Sheikh Khalifa Bin Salman Institute of Technology','Muharraq',17,'','www.skillsbahrain.com','Theme: \nMy Skills.. Build Our Country\nThe Competition comprises of 16 skills: \nWelding, Automotive, Graphic Design Technology, Web Design, Electrical Installation, IT Network System Administration, IT Software Solutions for Business, Refrigeration and Air Conditioning, Mobile Robotics, Nursing & Medical Care, Mechatronics Engineering, Carpentry, Industrial Electronics, Mechanical Engineering Design – CAD, Fashion Technology and Information Network Cabling.'),
	(340,6,1,0,'BAU 2015 - Nationale Meisterschaften Bauhandwerkliche Berufe','2015-01-19','2015-01-24','Messe  München','München',80,'','www.bau-muenchen.com',''),
	(341,6,1,0,'Deutsche Meisterschaft  Polymechaniker','2015-02-09','2015-02-13','Nestor GmbH','Sondershausen',80,'','www.nestor-bildung.de/',''),
	(342,6,1,0,'Sanitär- und Heizungsinstallation Wettbewerb','2015-02-13','2015-02-14','Leipzigger Messe','Leipzig',80,'','www.handwerksmesse-leipzig.de/','(Vorentscheid WorldSkills Sao Paulo 2015)'),
	(343,6,1,0,'Nationaler Qualifikationswettbewerb Mobile Robotics','2015-02-24','2015-02-27','Didacta - Bildungsmesse','Hannover',80,'','www.didacta-hannover.de/','(Vorentscheid WorldSkills Sao Paulo 2015)'),
	(344,6,1,0,'Deutsche Meisterschaft Mechatronik','2015-02-24','2015-02-28','Didacta - Bildungsmesse','Hannover',80,'','www.didacta-hannover.de','(Vorentscheid WorldSkills Sao Paulo 2015)'),
	(345,6,1,0,'Fliesenleger Wettbewerb','2015-04-22','2015-04-24','Karl Dahm Handwerkertage','Seebruck am Chiemsee',80,'','www.handwerkertage-karldahm.de','(Vorentscheid WorldSkills Sao Paulo 2015)'),
	(346,6,1,0,'DACH- Wettbwerb','2015-05-26','2015-05-28','SICK AG','Waldkirch',80,'','','Vergleichswettkampf Deutschland, Österreich, Schweiz und Liechtenstein in Mechatroniker, Technischer Zeichner CAD und Industrieelektroniker\n\nComparative Competition Germany, Austria, Switzerland and Liechtenstein in Mechatronics, CAD Technician and Industrial Electronics'),
	(347,6,1,0,'WorldSkills Germany Kongress \"Skilled for Excellence\"','2015-03-03','2015-03-04','Pentahotel','Leipzig',80,'','www.worldskillsgermany.de',''),
	(348,6,1,0,'Noor Meister 2015/ Youth Masters 2015','2015-03-06','2015-03-07','Estonian Fair Centre','Tallinn',67,'','www.noormeister.ee','Estonian National Competition'),
	(350,6,1,0,'WorldSkills Europe General Assembly','2015-05-20','2015-05-21','','Helsinki',72,'','',''),
	(351,6,1,0,'National Competition Denmark','2016-02-04','2016-02-06','','Fredericia, Denmark',58,'','http://www.skillsdenmark.dk/uk.aspx',''),
	(352,6,1,0,'WorldSkills India - Final Selection','2015-02-26','2015-02-28','Pragati Maidan Hall no. 18','New Delhi',99,'','',''),
	(355,6,1,0,'The Skills Show','2015-11-19','2015-11-21','NEC','Birmingham',239,'','http://www.theskillsshow.com/',''),
	(356,6,1,0,'45th National Skills Competition','2015-09-16','2015-09-18','Taichung-Changhua-Nantou Regional Branch of Workforce Development Agency','Taichung',207,'','','Closing Ceremony is organized by TW Ministry of Labor at 19 September, 2015.'),
	(357,6,1,0,'National Competition Liechtenstein','2015-04-27','2015-04-30','','',122,'','www.worldskills.li','This event is an occasion to provide all interested persons in Vocational Education Training (VET) an outstanding performance of the nominated Champions for Sao Paulo.'),
	(358,6,1,0,'National Competition Saudi Arabia','2015-04-01','2015-04-02','Riyadh College of Technology','Riyadh',187,'','www.tvtc.gov.sa',''),
	(359,6,1,64,'3rd Open National Competition WorldSkills Russia','2015-05-19','2015-05-23','','Kazan',177,'','',''),
	(360,6,1,0,'16th National Skills Competition Iran','2015-11-12','2015-11-16','','Karaj',101,'','www.irantvto.ir','Exact dates in November to be confirmed!!!');

/*!40000 ALTER TABLE `events` ENABLE KEYS */;
UNLOCK TABLES;


# Dump of table i18n
# ------------------------------------------------------------

DROP TABLE IF EXISTS `i18n`;

CREATE TABLE `i18n` (
  `id` int(11) NOT NULL AUTO_INCREMENT,
  PRIMARY KEY (`id`)
) ENGINE=InnoDB DEFAULT CHARSET=utf8;

LOCK TABLES `i18n` WRITE;
/*!40000 ALTER TABLE `i18n` DISABLE KEYS */;

INSERT INTO `i18n` (`id`)
VALUES
	(12),
	(13),
	(14),
	(15),
	(16),
	(17),
	(18),
	(19),
	(20),
	(21),
	(22),
	(23),
	(24),
	(25),
	(26),
	(27),
	(28),
	(29),
	(30),
	(31),
	(32),
	(33),
	(34),
	(35),
	(36),
	(37),
	(38),
	(39),
	(40),
	(41),
	(42),
	(43),
	(44),
	(45),
	(46),
	(47),
	(48),
	(49),
	(50),
	(51),
	(52),
	(53),
	(54),
	(55),
	(56),
	(57),
	(58),
	(59),
	(60),
	(61),
	(62),
	(63),
	(64),
	(65),
	(66),
	(67),
	(68),
	(69),
	(70),
	(71),
	(72),
	(73),
	(74),
	(75),
	(76),
	(77),
	(78),
	(79),
	(80),
	(81),
	(82),
	(83),
	(84),
	(85),
	(86),
	(87),
	(88),
	(89),
	(90),
	(91),
	(92),
	(93),
	(94),
	(95),
	(96),
	(97),
	(98),
	(99),
	(100),
	(101),
	(102),
	(103),
	(104),
	(105),
	(106),
	(107),
	(108),
	(109),
	(110),
	(111),
	(112),
	(113),
	(114),
	(115),
	(116),
	(117),
	(118),
	(119),
	(120),
	(121),
	(122),
	(123),
	(124),
	(125),
	(126),
	(127),
	(128),
	(129),
	(130),
	(131),
	(132),
	(133),
	(134),
	(135),
	(136),
	(137),
	(138),
	(139),
	(140),
	(141),
	(142),
	(143),
	(144),
	(145),
	(146),
	(147),
	(148),
	(149),
	(150),
	(151),
	(152),
	(153),
	(154),
	(155),
	(156),
	(157),
	(158),
	(159),
	(160),
	(161),
	(162),
	(163),
	(164),
	(165),
	(166),
	(167),
	(168),
	(169),
	(170),
	(171),
	(172),
	(173),
	(174),
	(175),
	(176),
	(177),
	(178),
	(179),
	(180),
	(181),
	(182),
	(183),
	(184),
	(185),
	(186),
	(187),
	(188),
	(189),
	(190),
	(191),
	(192),
	(193),
	(194),
	(195),
	(196),
	(197),
	(198),
	(199),
	(200),
	(201),
	(202),
	(203),
	(204),
	(205),
	(206),
	(207),
	(208),
	(209),
	(210),
	(211),
	(212),
	(213),
	(214),
	(215),
	(216),
	(217),
	(218),
	(219),
	(220),
	(221),
	(222),
	(223),
	(224),
	(225),
	(226),
	(227),
	(228),
	(229),
	(230),
	(231),
	(232),
	(233),
	(234),
	(235),
	(236),
	(237),
	(238),
	(239),
	(240),
	(241),
	(242),
	(243),
	(244),
	(245),
	(246),
	(247),
	(248),
	(249),
	(250),
	(251),
	(252),
	(253),
	(254),
	(255),
	(256),
	(257),
	(258),
	(259),
	(260),
	(261),
	(262),
	(263),
	(264),
	(265),
	(266),
	(267),
	(268),
	(269),
	(270),
	(271),
	(272),
	(273),
	(274),
	(275),
	(276),
	(277),
	(278),
	(279),
	(280),
	(281),
	(282),
	(283),
	(284),
	(285),
	(286),
	(287),
	(288),
	(289),
	(290),
	(291),
	(292),
	(293),
	(294),
	(295),
	(296),
	(297),
	(298),
	(299),
	(300),
	(301),
	(302),
	(303),
	(304),
	(305),
	(306),
	(307),
	(308),
	(309),
	(310),
	(311),
	(312),
	(313),
	(314),
	(315),
	(316),
	(317),
	(318),
	(319),
	(320),
	(321),
	(322),
	(323),
	(324),
	(325),
	(326),
	(327),
	(328),
	(329),
	(330),
	(331),
	(332),
	(333),
	(334),
	(335),
	(336),
	(337),
	(338),
	(339),
	(340),
	(341);

/*!40000 ALTER TABLE `i18n` ENABLE KEYS */;
UNLOCK TABLES;


# Dump of table i18n_values
# ------------------------------------------------------------

DROP TABLE IF EXISTS `i18n_values`;

CREATE TABLE `i18n_values` (
  `id` int(11) NOT NULL AUTO_INCREMENT,
  `lang_code` varchar(10) NOT NULL,
  `text` longtext NOT NULL,
  `i18n_id` int(11) DEFAULT NULL,
  PRIMARY KEY (`id`),
  KEY `FK_mxf5shdy8xlg5id6gvvph0hef` (`i18n_id`),
  CONSTRAINT `FK_mxf5shdy8xlg5id6gvvph0hef` FOREIGN KEY (`i18n_id`) REFERENCES `i18n` (`id`)
) ENGINE=InnoDB DEFAULT CHARSET=utf8;

LOCK TABLES `i18n_values` WRITE;
/*!40000 ALTER TABLE `i18n_values` DISABLE KEYS */;

INSERT INTO `i18n_values` (`id`, `lang_code`, `text`, `i18n_id`)
VALUES
	(13,'en','WorldSkills International',12),
	(14,'en','WorldSkills Europe',13),
	(15,'en','WorldSkills Americas',14),
	(16,'en','WorldSkills ASEAN',15),
	(17,'en','WorldSkills Oceania',16),
	(18,'en','Portugal',17),
	(19,'en','Germany',18),
	(20,'en','United Kingdom',19),
	(21,'en','France',20),
	(22,'en','Switzerland',21),
	(23,'en','Ireland',22),
	(24,'en','Luxembourg',23),
	(25,'en','Austria',24),
	(26,'en','Japan',25),
	(27,'en','Netherlands',26),
	(28,'en','Korea',27),
	(29,'en','Principality of Liechtenstein',28),
	(30,'en','Chinese Taipei',29),
	(31,'en','United States of America',30),
	(32,'en','Australia',31),
	(33,'en','Brazil',32),
	(34,'en','Macao, China',33),
	(35,'en','New Zealand',34),
	(36,'en','Finland',35),
	(37,'en','Canada',36),
	(38,'en','Norway',37),
	(39,'en','South Africa',38),
	(40,'en','Malaysia',39),
	(41,'en','China',40),
	(42,'en','Thailand',41),
	(43,'en','Singapore',42),
	(44,'en','Philippines',43),
	(45,'en','Sweden',44),
	(46,'en','South Tyrol, Italy',45),
	(47,'en','Tunisia',46),
	(48,'en','United Arab Emirates',47),
	(49,'en','Hong Kong, China',48),
	(50,'en','Belgium',49),
	(51,'en','Denmark',50),
	(52,'en','Morocco',51),
	(53,'en','Iran',52),
	(54,'en','Saudi Arabia',53),
	(55,'en','Venezuela',54),
	(56,'en','Brunei Darussalam',55),
	(57,'en','Jamaica',56),
	(58,'en','Indonesia',57),
	(59,'en','Mexico',58),
	(60,'en','Spain',59),
	(61,'en','Ecuador',60),
	(62,'en','Vietnam',61),
	(63,'en','Croatia',62),
	(64,'en','Hungary',63),
	(65,'en','Estonia',64),
	(66,'en','India',65),
	(67,'en','Oman',66),
	(68,'en','Colombia',67),
	(69,'en','Iceland',68),
	(70,'en','Turkey',69),
	(71,'en','Namibia',70),
	(72,'en','Latvia',71),
	(73,'en','Barbados',72),
	(74,'en','Argentina',73),
	(75,'en','Paraguay',74),
	(76,'en','Russia',75),
	(77,'en','Sri Lanka',76),
	(78,'en','Trinidad and Tobago',77),
	(79,'en','Armenia',78),
	(80,'en','Georgia',79),
	(81,'en','Kuwait',80),
	(82,'en','Dominican Republic',81),
	(83,'en','Kingdom of Bahrain',82),
	(84,'en','Chile',83),
	(85,'en','Belarus',84),
	(86,'en','Mongolia',85),
	(87,'en','Egypt',86),
	(88,'en','Kazakhstan',87),
	(89,'en','Zambia',88),
	(90,'en','WorldSkills public resources',89),
	(91,'en','Guest Level Resources',90),
	(92,'en','Member resources',91),
	(93,'en','WorldSkills São Paulo 2015',92),
	(94,'en','WorldSkills Abu Dhabi 2017',93),
	(95,'en','Guest',94),
	(96,'en','GA 2016 Niagara Falls',95),
	(97,'en','WorldSkills Foundation',96),
	(98,'en','Israel',97),
	(99,'en','General',98),
	(100,'en','Costa Rica',99),
	(101,'en','Connect',100),
	(102,'en','AFGHANISTAN',101),
	(103,'en','ALBANIA',102),
	(104,'en','ALGERIA',103),
	(105,'en','AMERICAN SAMOA',104),
	(106,'en','ANDORRA',105),
	(107,'en','ANGOLA',106),
	(108,'en','ANGUILLA',107),
	(109,'en','ANTARCTICA',108),
	(110,'en','ANTIGUA AND BARBUDA',109),
	(111,'en','ARGENTINA',110),
	(112,'en','ARMENIA',111),
	(113,'en','ARUBA',112),
	(114,'en','AUSTRALIA',113),
	(115,'en','AUSTRIA',114),
	(116,'en','AZERBAIJAN',115),
	(117,'en','BAHAMAS',116),
	(118,'en','KINGDOM OF BAHRAIN',117),
	(119,'en','BANGLADESH',118),
	(120,'en','BARBADOS',119),
	(121,'en','BELARUS',120),
	(122,'en','BELGIUM',121),
	(123,'en','BELIZE',122),
	(124,'en','BENIN',123),
	(125,'en','BERMUDA',124),
	(126,'en','BHUTAN',125),
	(127,'en','BOLIVIA',126),
	(128,'en','BOSNIA AND HERZEGOVINA',127),
	(129,'en','BOTSWANA',128),
	(130,'en','BOUVET ISLAND',129),
	(131,'en','BRAZIL',130),
	(132,'en','BRITISH INDIAN OCEAN TERRITORY',131),
	(133,'en','BRUNEI DARUSSALAM',132),
	(134,'en','BULGARIA',133),
	(135,'en','BURKINA FASO',134),
	(136,'en','BURUNDI',135),
	(137,'en','CAMBODIA',136),
	(138,'en','CAMEROON',137),
	(139,'en','CANADA',138),
	(140,'en','CAPE VERDE',139),
	(141,'en','CAYMAN ISLANDS',140),
	(142,'en','CENTRAL AFRICAN REPUBLIC',141),
	(143,'en','CHAD',142),
	(144,'en','CHILE',143),
	(145,'en','CHINA',144),
	(146,'en','CHRISTMAS ISLAND',145),
	(147,'en','COCOS (KEELING) ISLANDS',146),
	(148,'en','COLOMBIA',147),
	(149,'en','COMOROS',148),
	(150,'en','CONGO',149),
	(151,'en','CONGO, THE DEMOCRATIC REPUBLIC OF THE',150),
	(152,'en','COOK ISLANDS',151),
	(153,'en','COSTA RICA',152),
	(154,'en','COTE D\'IVOIRE',153),
	(155,'en','CROATIA',154),
	(156,'en','CUBA',155),
	(157,'en','CYPRUS',156),
	(158,'en','CZECH REPUBLIC',157),
	(159,'en','DENMARK',158),
	(160,'en','DJIBOUTI',159),
	(161,'en','DOMINICA',160),
	(162,'en','DOMINICAN REPUBLIC',161),
	(163,'en','ECUADOR',162),
	(164,'en','EGYPT',163),
	(165,'en','EL SALVADOR',164),
	(166,'en','EQUATORIAL GUINEA',165),
	(167,'en','ERITREA',166),
	(168,'en','ESTONIA',167),
	(169,'en','ETHIOPIA',168),
	(170,'en','FALKLAND ISLANDS (MALVINAS)',169),
	(171,'en','FAROE ISLANDS',170),
	(172,'en','FIJI',171),
	(173,'en','FINLAND',172),
	(174,'en','FRANCE',173),
	(175,'en','FRENCH GUIANA',174),
	(176,'en','FRENCH POLYNESIA',175),
	(177,'en','FRENCH SOUTHERN TERRITORIES',176),
	(178,'en','GABON',177),
	(179,'en','GAMBIA',178),
	(180,'en','GEORGIA',179),
	(181,'en','GERMANY',180),
	(182,'en','GHANA',181),
	(183,'en','GIBRALTAR',182),
	(184,'en','GREECE',183),
	(185,'en','GREENLAND',184),
	(186,'en','GRENADA',185),
	(187,'en','GUADELOUPE',186),
	(188,'en','GUAM',187),
	(189,'en','GUATEMALA',188),
	(190,'en','GUINEA',189),
	(191,'en','GUINEA-BISSAU',190),
	(192,'en','GUYANA',191),
	(193,'en','HAITI',192),
	(194,'en','HEARD ISLAND AND MCDONALD ISLANDS',193),
	(195,'en','HOLY SEE (VATICAN CITY STATE)',194),
	(196,'en','HONDURAS',195),
	(197,'en','HONG KONG, CHINA',196),
	(198,'en','HUNGARY',197),
	(199,'en','ICELAND',198),
	(200,'en','INDIA',199),
	(201,'en','INDONESIA',200),
	(202,'en','IRAN',201),
	(203,'en','IRAQ',202),
	(204,'en','IRELAND',203),
	(205,'en','ISRAEL',204),
	(206,'en','SOUTH TYROL, ITALY',205),
	(207,'en','JAMAICA',206),
	(208,'en','JAPAN',207),
	(209,'en','JORDAN',208),
	(210,'en','KAZAKHSTAN',209),
	(211,'en','KENYA',210),
	(212,'en','KIRIBATI',211),
	(213,'en','KOREA, DEMOCRATIC PEOPLE\'S REPUBLIC OF',212),
	(214,'en','KOREA',213),
	(215,'en','KUWAIT',214),
	(216,'en','KYRGYZSTAN',215),
	(217,'en','LAO PEOPLE\'S DEMOCRATIC REPUBLIC',216),
	(218,'en','LATVIA',217),
	(219,'en','LEBANON',218),
	(220,'en','LESOTHO',219),
	(221,'en','LIBERIA',220),
	(222,'en','LIBYAN ARAB JAMAHIRIYA',221),
	(223,'en','Principality of LIECHTENSTEIN',222),
	(224,'en','LITHUANIA',223),
	(225,'en','LUXEMBOURG',224),
	(226,'en','MACAO, CHINA',225),
	(227,'en','MACEDONIA',226),
	(228,'en','MADAGASCAR',227),
	(229,'en','MALAWI',228),
	(230,'en','MALAYSIA',229),
	(231,'en','MALDIVES',230),
	(232,'en','MALI',231),
	(233,'en','MALTA',232),
	(234,'en','MARSHALL ISLANDS',233),
	(235,'en','MARTINIQUE',234),
	(236,'en','MAURITANIA',235),
	(237,'en','MAURITIUS',236),
	(238,'en','MAYOTTE',237),
	(239,'en','MEXICO',238),
	(240,'en','MICRONESIA, FEDERATED STATES OF',239),
	(241,'en','MOLDOVA, REPUBLIC OF',240),
	(242,'en','MONACO',241),
	(243,'en','MONGOLIA',242),
	(244,'en','MONTSERRAT',243),
	(245,'en','MOROCCO',244),
	(246,'en','MOZAMBIQUE',245),
	(247,'en','MYANMAR',246),
	(248,'en','NAMIBIA',247),
	(249,'en','NAURU',248),
	(250,'en','NEPAL',249),
	(251,'en','NETHERLANDS',250),
	(252,'en','NETHERLANDS ANTILLES',251),
	(253,'en','NEW CALEDONIA',252),
	(254,'en','NEW ZEALAND',253),
	(255,'en','NICARAGUA',254),
	(256,'en','NIGER',255),
	(257,'en','NIGERIA',256),
	(258,'en','NIUE',257),
	(259,'en','NORFOLK ISLAND',258),
	(260,'en','NORTHERN MARIANA ISLANDS',259),
	(261,'en','NORWAY',260),
	(262,'en','OMAN',261),
	(263,'en','PAKISTAN',262),
	(264,'en','PALAU',263),
	(265,'en','PALESTINIAN TERRITORY, OCCUPIED',264),
	(266,'en','PANAMA',265),
	(267,'en','PAPUA NEW GUINEA',266),
	(268,'en','PARAGUAY',267),
	(269,'en','PERU',268),
	(270,'en','PHILIPPINES',269),
	(271,'en','PITCAIRN',270),
	(272,'en','POLAND',271),
	(273,'en','PORTUGAL',272),
	(274,'en','PUERTO RICO',273),
	(275,'en','QATAR',274),
	(276,'en','REUNION',275),
	(277,'en','ROMANIA',276),
	(278,'en','RUSSIA',277),
	(279,'en','RWANDA',278),
	(280,'en','SAINT HELENA',279),
	(281,'en','SAINT KITTS AND NEVIS',280),
	(282,'en','SAINT LUCIA',281),
	(283,'en','SAINT PIERRE AND MIQUELON',282),
	(284,'en','SAINT VINCENT AND THE GRENADINES',283),
	(285,'en','SAMOA',284),
	(286,'en','SAN MARINO',285),
	(287,'en','SAO TOME AND PRINCIPE',286),
	(288,'en','SAUDI ARABIA',287),
	(289,'en','SENEGAL',288),
	(290,'en','SEYCHELLES',289),
	(291,'en','SIERRA LEONE',290),
	(292,'en','SINGAPORE',291),
	(293,'en','SLOVAKIA',292),
	(294,'en','SLOVENIA',293),
	(295,'en','SOLOMON ISLANDS',294),
	(296,'en','SOMALIA',295),
	(297,'en','SOUTH AFRICA',296),
	(298,'en','SOUTH GEORGIA AND THE SOUTH SANDWICH ISLANDS',297),
	(299,'en','SPAIN',298),
	(300,'en','SRI LANKA',299),
	(301,'en','SUDAN',300),
	(302,'en','SURINAME',301),
	(303,'en','SVALBARD AND JAN MAYEN',302),
	(304,'en','SWAZILAND',303),
	(305,'en','SWEDEN',304),
	(306,'en','SWITZERLAND',305),
	(307,'en','SYRIAN ARAB REPUBLIC',306),
	(308,'en','CHINESE TAIPEI',307),
	(309,'en','TAJIKISTAN',308),
	(310,'en','TANZANIA, UNITED REPUBLIC OF',309),
	(311,'en','THAILAND',310),
	(312,'en','TIMOR-LESTE',311),
	(313,'en','TOGO',312),
	(314,'en','TOKELAU',313),
	(315,'en','TONGA',314),
	(316,'en','TRINIDAD AND TOBAGO',315),
	(317,'en','TUNISIA',316),
	(318,'en','TURKEY',317),
	(319,'en','TURKMENISTAN',318),
	(320,'en','TURKS AND CAICOS ISLANDS',319),
	(321,'en','TUVALU',320),
	(322,'en','UGANDA',321),
	(323,'en','UKRAINE',322),
	(324,'en','UNITED ARAB EMIRATES',323),
	(325,'en','UNITED STATES OF AMERICA',324),
	(326,'en','UNITED STATES MINOR OUTLYING ISLANDS',325),
	(327,'en','URUGUAY',326),
	(328,'en','UZBEKISTAN',327),
	(329,'en','VANUATU',328),
	(330,'en','VENEZUELA',329),
	(331,'en','VIETNAM',330),
	(332,'en','VIRGIN ISLANDS, BRITISH',331),
	(333,'en','VIRGIN ISLANDS, U.S.',332),
	(334,'en','WALLIS AND FUTUNA',333),
	(335,'en','WESTERN SAHARA',334),
	(336,'en','YEMEN',335),
	(337,'en','ZAMBIA',336),
	(338,'en','ZIMBABWE',337),
	(339,'en','UNITED KINGDOM',338),
	(340,'en','Serbia',339),
	(341,'en','Montenegro',340),
	(342,'en','Kosovo',341);

/*!40000 ALTER TABLE `i18n_values` ENABLE KEYS */;
UNLOCK TABLES;


# Dump of table images
# ------------------------------------------------------------

DROP TABLE IF EXISTS `images`;

CREATE TABLE `images` (
  `id` int(11) NOT NULL AUTO_INCREMENT,
  `image_id` int(11) DEFAULT NULL,
  `hash` varchar(255) DEFAULT NULL,
  PRIMARY KEY (`id`)
) ENGINE=InnoDB DEFAULT CHARSET=utf8;



# Dump of table interests
# ------------------------------------------------------------

DROP TABLE IF EXISTS `interests`;

CREATE TABLE `interests` (
  `id` int(11) NOT NULL AUTO_INCREMENT,
  `description_i18n` int(11) NOT NULL,
  PRIMARY KEY (`id`),
  KEY `FK_7bf562o9rqtlxmhuw3snoam36` (`description_i18n`),
  CONSTRAINT `FK_7bf562o9rqtlxmhuw3snoam36` FOREIGN KEY (`description_i18n`) REFERENCES `i18n` (`id`)
) ENGINE=InnoDB DEFAULT CHARSET=utf8;



# Dump of table user_interests
# ------------------------------------------------------------

DROP TABLE IF EXISTS `user_interests`;

CREATE TABLE `user_interests` (
  `id` int(11) NOT NULL AUTO_INCREMENT,
  `user_id` int(11) NOT NULL,
  `interest_id` int(11) NOT NULL,
  PRIMARY KEY (`id`),
  KEY `FK_f288impn8bav655mg4eb88of3` (`user_id`),
  KEY `FK_96pe6anat92lcf3k2hga9cdqx` (`interest_id`),
  CONSTRAINT `FK_96pe6anat92lcf3k2hga9cdqx` FOREIGN KEY (`interest_id`) REFERENCES `interests` (`id`),
  CONSTRAINT `FK_f288impn8bav655mg4eb88of3` FOREIGN KEY (`user_id`) REFERENCES `users` (`id`)
) ENGINE=InnoDB DEFAULT CHARSET=utf8;



# Dump of table users
# ------------------------------------------------------------

DROP TABLE IF EXISTS `users`;

CREATE TABLE `users` (
  `id` int(11) NOT NULL AUTO_INCREMENT,
  `country_id` int(11) NOT NULL,
  `image_id` int(11) NOT NULL,
  `person_id` int(11) NOT NULL,
  `first_name` varchar(200) DEFAULT NULL,
  `last_name` varchar(200) DEFAULT NULL,
  `gender` varchar(1) DEFAULT NULL,
  `email_address` varchar(255) DEFAULT NULL,
  `phone_number` varchar(255) DEFAULT NULL,
  `company` varchar(255) DEFAULT NULL,
  `job_title` varchar(255) DEFAULT NULL,
  `profile_description` varchar(255) DEFAULT NULL,
  PRIMARY KEY (`id`),
  KEY `FK_40bk1xo1jc7k4f7ym0daevg2f` (`country_id`),
  KEY `FK_94dj9ry3k3tmcsyg8eatp7vvn` (`image_id`),
  CONSTRAINT `FK_94dj9ry3k3tmcsyg8eatp7vvn` FOREIGN KEY (`image_id`) REFERENCES `images` (`id`),
  CONSTRAINT `FK_40bk1xo1jc7k4f7ym0daevg2f` FOREIGN KEY (`country_id`) REFERENCES `countries` (`id`)
) ENGINE=InnoDB DEFAULT CHARSET=utf8;



# Dump of table ws_entities
# ------------------------------------------------------------

DROP TABLE IF EXISTS `ws_entities`;

CREATE TABLE `ws_entities` (
  `id` int(11) NOT NULL,
  `name_i18n` int(11) NOT NULL,
  `parent_ws_entity_id` int(11) DEFAULT NULL,
  PRIMARY KEY (`id`),
  KEY `FK_19dpy2sfend93m723uyd0iayb` (`name_i18n`),
  KEY `FK_4g0pnuynuc7nupcv68qw4ueia` (`parent_ws_entity_id`),
  CONSTRAINT `FK_4g0pnuynuc7nupcv68qw4ueia` FOREIGN KEY (`parent_ws_entity_id`) REFERENCES `ws_entities` (`id`),
  CONSTRAINT `FK_19dpy2sfend93m723uyd0iayb` FOREIGN KEY (`name_i18n`) REFERENCES `i18n` (`id`)
) ENGINE=InnoDB DEFAULT CHARSET=utf8;

LOCK TABLES `ws_entities` WRITE;
/*!40000 ALTER TABLE `ws_entities` DISABLE KEYS */;

INSERT INTO `ws_entities` (`id`, `name_i18n`, `parent_ws_entity_id`)
VALUES
	(1,12,NULL),
	(2,13,NULL),
	(3,14,NULL),
	(4,15,NULL),
	(5,16,NULL),
	(6,17,NULL),
	(7,18,NULL),
	(8,19,NULL),
	(9,20,NULL),
	(10,21,NULL),
	(11,22,NULL),
	(12,23,NULL),
	(13,24,NULL),
	(14,25,NULL),
	(15,26,NULL),
	(16,27,NULL),
	(17,28,NULL),
	(18,29,NULL),
	(19,30,NULL),
	(20,31,NULL),
	(21,32,NULL),
	(22,33,NULL),
	(23,34,NULL),
	(24,35,NULL),
	(25,36,NULL),
	(26,37,NULL),
	(27,38,NULL),
	(28,39,NULL),
	(29,40,NULL),
	(30,41,NULL),
	(31,42,NULL),
	(32,43,NULL),
	(33,44,NULL),
	(34,45,NULL),
	(35,46,NULL),
	(36,47,NULL),
	(37,48,NULL),
	(38,49,NULL),
	(39,50,NULL),
	(40,51,NULL),
	(41,52,NULL),
	(42,53,NULL),
	(43,54,NULL),
	(44,55,NULL),
	(45,56,NULL),
	(46,57,NULL),
	(47,58,NULL),
	(48,59,NULL),
	(49,60,NULL),
	(50,61,NULL),
	(51,62,NULL),
	(52,63,NULL),
	(53,64,NULL),
	(54,65,NULL),
	(55,66,NULL),
	(56,67,NULL),
	(57,68,NULL),
	(58,69,NULL),
	(59,70,NULL),
	(60,71,NULL),
	(61,72,NULL),
	(62,73,NULL),
	(63,74,NULL),
	(64,75,NULL),
	(65,76,NULL),
	(66,77,NULL),
	(67,78,NULL),
	(68,79,NULL),
	(69,80,NULL),
	(70,81,NULL),
	(71,82,NULL),
	(72,83,NULL),
	(73,84,NULL),
	(74,85,NULL),
	(75,86,NULL),
	(76,87,NULL),
	(77,88,NULL),
	(78,89,1),
	(79,90,1),
	(80,91,1),
	(81,92,1),
	(82,93,1),
	(83,94,NULL),
	(84,95,1),
	(85,96,NULL),
	(86,97,NULL),
	(87,98,NULL),
	(88,99,NULL),
	(89,100,NULL);

/*!40000 ALTER TABLE `ws_entities` ENABLE KEYS */;
UNLOCK TABLES;



/*!40111 SET SQL_NOTES=@OLD_SQL_NOTES */;
/*!40101 SET SQL_MODE=@OLD_SQL_MODE */;
/*!40014 SET FOREIGN_KEY_CHECKS=@OLD_FOREIGN_KEY_CHECKS */;
/*!40101 SET CHARACTER_SET_CLIENT=@OLD_CHARACTER_SET_CLIENT */;
/*!40101 SET CHARACTER_SET_RESULTS=@OLD_CHARACTER_SET_RESULTS */;
/*!40101 SET COLLATION_CONNECTION=@OLD_COLLATION_CONNECTION */;
